,Street,LotShape,LandContour,LotConfig,LandSlope,Neighborhood,Condition1,Condition2,BldgType,HouseStyle,RoofStyle,RoofMatl,ExterQual,ExterCond,Foundation,Heating,HeatingQC,CentralAir,PavedDrive,SaleCondition,Id,MSSubClass,LotArea,OverallQual,OverallCond,YearBuilt,YearRemodAdd,1stFlrSF,2ndFlrSF,LowQualFinSF,GrLivArea,FullBath,HalfBath,BedroomAbvGr,KitchenAbvGr,TotRmsAbvGrd,Fireplaces,WoodDeckSF,OpenPorchSF,EnclosedPorch,3SsnPorch,ScreenPorch,PoolArea,MiscVal,MoSold,YrSold,SalePrice
Street,0.0,2.52625944782044e-07,1.5383126367659182e-06,1.8899656223394775e-07,4.2485863868418125e-06,1.76252996260632e-06,3.316284633324674e-07,1.235378421958669e-07,3.458743608494207e-07,2.406557795222431e-07,1.844566558630908e-07,2.144714995497243e-07,5.294574573411833e-06,7.043830824759017e-07,4.923493389979181e-07,2.0559652657897273e-06,2.548827854247145e-07,2.3363483787571576e-06,0.4828883273575524,7.366212294673551e-07,5.306603400782191e-08,8.674700377536609e-08,0.23398964509863576,5.199909163799569e-06,3.514661030219145e-07,5.325839326794183e-07,0.025072809016580162,5.204566208259164e-07,3.6997999682160033e-07,1.311740867133576e-07,6.752221199678613e-07,6.521280574429181e-07,2.000886410845513e-07,5.373813330997568e-07,4.1175662393866736e-07,6.051532698406955e-07,3.39607677504737e-07,9.049560248446779e-08,7.505375053529404e-08,5.827356848425875e-07,1.2200274084187088e-07,1.5599062292093116e-07,1.2628337891041522e-07,8.108011065323101e-08,3.0653341412218183e-07,3.1643563570439174e-07,5.615705066214373e-07
LotShape,2.52625944782044e-07,0.0,0.3230642804682213,1.356227915205826,3.7109751938204885e-07,0.3605604379621851,7.508868426247997e-07,6.628166620585579e-07,5.599991796331793e-07,4.169193563231071e-07,4.84908349877329e-07,5.564353602707573e-07,1.026320575592946e-06,2.8023303068603437e-07,5.267871542660943e-07,3.0955115111822024e-07,3.318127966162832e-07,4.665811988099296e-07,7.320449831423616e-07,4.2144712765137507e-07,2.341347028935515e-07,5.827340292537697e-07,0.3483365256639158,0.09714758484955503,2.0819925799112347e-07,0.28311100019744756,7.837796403079486e-07,6.953339119950814e-07,3.2188284456600384e-07,2.1031697880746795e-07,7.351891009035328e-07,0.008248164172369604,9.758601753807673e-07,1.306454304035157e-07,1.2202913771102902e-06,4.701966759428312e-07,0.02859107076417546,0.09110937012530397,3.988620530458256e-07,3.3562578280074545e-07,3.2927116532330954e-07,6.385387437522314e-07,2.1970857092571466e-07,7.159834206493069e-07,1.9005352947120504e-07,5.713105357742367e-07,8.343729537571628e-07
LandContour,1.5383126367659182e-06,0.32306428046822133,0.0,4.4947767815032116e-07,3.297865728192019,2.1208908689070967,4.364762441007723e-07,0.3757475465990278,3.5555851901031714e-07,4.904434065717922e-07,6.97147849211418e-07,0.19969476670066139,6.89873161714473e-07,4.299891155357302e-07,5.769056360955794e-07,3.5836286568658093e-07,3.0758836261485635e-07,6.822348319340875e-07,4.2794717229367826e-07,8.782854073552805e-07,5.859089501014272e-07,9.829441858322267e-08,0.3930580872278215,0.14322532884212366,3.8495434903723024e-07,0.07463839064471225,5.643978308771758e-07,3.0301188931323573e-07,1.9806424050334148e-07,8.651457113956502e-07,2.9870059936912224e-07,0.013194931093571248,5.707145248422751e-07,8.492456665341184e-07,2.7838229022494355e-07,5.332082679873227e-07,5.081434938404964e-07,8.062034899303813e-07,4.132336213114074e-07,1.938066045297889e-07,7.480887121469593e-07,4.541064478883953e-07,4.550901493078177e-07,3.5983518453119514e-07,2.405508436235073e-07,3.038666947688681e-07,7.504120813365361e-07
LotConfig,1.8899656223394773e-07,1.356227915205826,4.494776781503211e-07,0.0,6.437014681610231e-07,5.591203870138392e-07,0.339233275544531,5.360341210407957e-07,3.6635561419339703e-07,3.141128456855763e-07,2.58223580895108e-07,6.18229087942889e-07,1.9246327394502564e-07,0.0025990215759066695,3.404554175064127e-07,2.5083482324194273e-07,3.659251663750268e-07,2.2144952695237797e-07,4.078789789904524e-07,3.176444697567164e-07,5.556025268135979e-07,4.5693628576865057e-07,0.08837417474766987,2.326005325366369e-07,3.8869207358945856e-07,6.212767610451103e-07,3.32223059158876e-07,3.5799438857436613e-07,8.662741636984279e-08,3.2172143521499937e-07,3.4578622740610603e-07,2.625815539749452e-07,3.9322370685609394e-07,2.5432069882855165e-07,3.271477706668113e-07,2.4761536051860094e-07,4.6832439733223725e-07,6.383316292744294e-07,7.44788749582546e-07,6.559363648189245e-07,2.876068181505283e-07,3.238017237418159e-07,4.714594129177206e-07,3.201573216534971e-07,2.9067259449125945e-07,1.598281974578475e-07,6.369718450850479e-07
LandSlope,4.2485863868418125e-06,3.7109751938204885e-07,3.297865728192019,6.437014681610231e-07,0.0,6.612212665091554e-07,2.3745410086379308e-07,1.7195896310308784e-07,2.3539246716742966e-07,3.096581022410056e-07,4.015765372108477e-07,0.1616536614419921,3.4166566807582096e-07,1.443304828202965e-07,4.5765958232102994e-07,2.9660016576325907e-07,2.8701152645439295e-07,9.347870957820068e-08,1.6502820901970893e-07,4.236770305431937e-07,2.1969247278921074e-07,3.8459987632662984e-08,0.8461716526691339,5.103337794874931e-07,2.1077721680181338e-07,1.9735969354693504e-07,2.761956633487899e-07,2.5233975330869825e-07,1.6871762440074786e-07,4.896306600111546e-08,1.7255442365822308e-07,4.946423484225387e-07,1.119617297671922e-07,6.251843321613048e-07,4.1435543743306643e-07,5.863452671069195e-07,6.822499929243123e-07,8.553798387981385e-07,1.829064090323519e-07,4.126194935905707e-07,1.1894854815929433e-07,0.02076673992178357,4.1496204091203795e-07,1.9596992205012144e-07,4.99377829553625e-07,2.764063771015328e-07,2.947337646485207e-07
Neighborhood,1.76252996260632e-06,0.3605604379621851,2.120890868907096,5.591203870138391e-07,6.612212665091554e-07,0.0,1.0090891812951208,1.753220723964586e-06,6.922477509114488e-07,9.032697432843192e-07,0.44400793052636467,7.79367860343269e-07,0.7740959579235379,7.104959140834327e-07,1.7839239580593222,5.07843646931717e-07,8.382175255836024e-07,6.878602848675332e-07,0.25312563717876896,0.13534287716008456,4.4265408591757243e-07,0.5314061328498334,0.12319209076048562,1.1516881059803363,8.578093468902157e-07,3.167474108953578,0.11886020725426127,0.10553323115236964,9.303666056206628e-07,6.312118625318231e-07,8.059750613887988e-07,0.47546879643383677,0.20980169792998915,0.1625039942293881,9.08500072445207e-07,8.344270217708726e-07,0.5346108398007782,0.09351380157499672,0.15239525927693662,9.008344358073255e-07,5.165563872356203e-07,9.312972889723904e-07,5.265603294226441e-07,5.980589035337432e-07,5.962888129383234e-07,4.949386260673806e-07,0.07484355887675855
Condition1,3.316284633324674e-07,7.508868426247997e-07,4.364762441007723e-07,0.339233275544531,2.3745410086379308e-07,1.0090891812951208,0.0,4.027277815201045,6.82445061725273e-07,4.122700526357356e-07,6.047958096061974e-07,6.557320818403253e-07,3.411466109902481e-06,8.334434799139077e-07,6.976447072304206e-07,1.8930483630827028e-07,3.151094161133682e-07,7.669818745321306e-07,7.996011187259779e-07,6.550208178190126e-07,2.730740366042854e-07,5.921507907386349e-07,6.488778887179773e-07,8.554900490470098e-07,2.66318631432559e-07,0.20556488088564337,8.3000699978106e-07,4.175125294022311e-07,3.4735393971703615e-07,2.6742514072647295e-07,4.498095547343918e-07,8.518959903105613e-07,2.2458135429079645e-07,0.04166151172576135,4.512614201555949e-06,5.32039171730004e-07,5.272948254873211e-07,5.266837618450652e-07,7.007129163398381e-07,6.465317203302667e-07,5.262707694150907e-07,4.947865406332467e-07,8.772133726232953e-07,2.146104893433938e-07,3.542662507813398e-07,4.530735937485944e-07,8.620078386825351e-07
Condition2,1.235378421958669e-07,6.628166620585578e-07,0.37574754659902776,5.360341210407956e-07,1.7195896310308784e-07,1.753220723964586e-06,4.027277815201045,0.0,2.218532104955656e-07,2.9907616500398504e-07,5.373475786891976e-07,3.7097326652952935e-07,4.746965693034485e-06,3.0975036564668015e-07,2.8826138030556427e-07,3.725227679972521e-07,2.6303981160637226e-07,2.0742944551684944e-07,2.2633853095391777e-07,4.675827329467822e-07,2.86363253352301e-07,4.357831542933026e-07,2.2990260070300103e-07,9.008781011956156e-07,6.95584057540503e-07,8.129460241735616e-07,2.465412865150483e-07,6.982202900144424e-07,1.2690323331980452e-07,0.0009810061166692474,5.421123031034059e-07,3.048518195959673e-07,5.84690416903946e-07,8.673315347501715e-07,7.903098627933344e-07,3.4865439841806805e-07,1.0416013376280211e-06,2.583956847148408e-07,7.461931768414256e-07,4.7477770931092083e-07,2.516608932714516e-07,4.335790655415676e-07,3.004217112821647e-07,0.16258779962187767,4.504074709219347e-07,1.144212757355793e-07,5.79742493027627e-07
BldgType,3.458743608494207e-07,5.599991796331793e-07,3.5555851901031714e-07,3.6635561419339703e-07,2.3539246716742966e-07,6.922477509114488e-07,6.82445061725273e-07,2.218532104955656e-07,0.0,0.8945300926430757,4.2986768919078137e-07,3.94703943392245e-07,8.315016038226365e-07,5.632735046291744e-07,7.19731594476504e-07,4.2489534805970684e-07,5.003000885977194e-07,5.484213426097899e-07,2.627786453258756e-07,5.121264274141235e-07,1.6694837841799328e-07,7.574974145807904,0.2906292302121642,7.235415826296908e-07,6.362385372699069e-07,1.0307897698904154e-06,6.553080467450038e-07,6.319831584628224e-07,3.7462953667932225e-07,1.7005709390580691e-07,2.883428569109577e-07,6.171219035520366e-07,6.571870657055067e-07,0.36207574519086705,2.7967259264536506,5.953678153941976e-07,5.693189041308015e-07,2.8332703996444197e-07,5.25056530102549e-07,5.763808098156552e-07,1.3494695162923744e-07,3.4069439400818437e-07,8.591881412076254e-08,2.1855518354958586e-07,4.223976004791131e-07,1.6185969700299909e-07,3.2137483627682455e-07
HouseStyle,2.406557795222431e-07,4.169193563231071e-07,4.904434065717922e-07,3.141128456855763e-07,3.096581022410056e-07,9.032697432843192e-07,4.122700526357356e-07,2.9907616500398504e-07,0.8945300926430757,0.0,0.21796576942341736,3.553636733851666e-07,8.841851122798703e-07,5.056318828737093e-07,8.753127294298145e-07,4.081297456157086e-07,4.501909907805275e-07,4.0401193910714694e-07,4.106957210741368e-07,6.281496682031783e-07,2.937888688199601e-07,1.4102503413136227,2.7705285268970365e-07,6.76129338755275e-07,7.142435414183378e-07,0.7125579521587718,8.760576716113468e-07,0.3038462041839075,2.492342288408404,0.3049572120177205,5.348808709390557e-07,8.364924029180857e-07,0.6555489682205979,0.016278606104341356,0.1509496299350081,9.764696542469174e-07,5.632313273395533e-07,5.890321950939479e-07,8.173156512349775e-07,6.226078815888511e-07,5.486900381088586e-07,4.075387478476876e-07,6.532404210518995e-07,3.093954043361338e-07,1.8813394929660903e-07,3.460439028761492e-07,3.3184660424055673e-07
RoofStyle,1.844566558630908e-07,4.84908349877329e-07,6.97147849211418e-07,2.58223580895108e-07,4.015765372108477e-07,0.4440079305263647,6.047958096061974e-07,5.373475786891976e-07,4.298676891907813e-07,0.21796576942341736,0.0,4.68239254621833,0.25849490272342085,4.870693200487344e-07,8.544264865535061e-07,6.504783833659286e-07,5.134139439120618e-07,2.568332166808298e-07,4.508479563112422e-07,6.298052124821288e-07,3.004102851195361e-07,0.043126621943401625,5.46888805895982e-07,0.17524965099268164,2.514684139489985e-07,5.626576231154305e-07,6.879259889007863e-07,0.28970967940677866,6.076448550636429e-07,4.145938819491387e-07,3.789420069678455e-07,8.315250859477376e-07,5.695962744561304e-07,2.721686283195412e-07,9.380497910664877e-08,0.011848508076942427,1.0357565489316948e-06,6.785249437961455e-07,7.667338997840852e-07,5.43335927275691e-07,6.85676367371809e-07,0.07345701487748646,1.3543136589298622e-07,0.02258395865452283,8.122694785198841e-07,1.3872169628149483e-07,0.007825285769023875
RoofMatl,2.144714995497243e-07,5.564353602707572e-07,0.19969476670066139,6.182290879428891e-07,0.1616536614419921,7.793678603432691e-07,6.557320818403253e-07,3.709732665295293e-07,3.94703943392245e-07,3.553636733851666e-07,4.68239254621833,0.0,5.198210634261204e-07,3.1037279733128097e-07,7.129894784761232e-07,2.3840369971104908e-07,4.419435498648369e-07,1.441142748267311e-07,5.454622015321054e-07,5.939184088016922e-07,5.151730020282138e-07,7.010588758291915e-08,0.13088963440519813,5.993189401380296e-07,2.1626637468900446e-07,2.3368601355687222e-07,6.037541756947134e-07,0.027680783426730124,2.9841973128902027e-07,7.047393738897789e-07,8.873813379866704e-07,3.823800474745323e-07,6.763526829722062e-07,4.773302173399129e-07,4.591439648885804e-07,4.265542502172877e-07,0.07800908809662481,0.050262865753979515,6.266858760035042e-07,2.977867142495845e-07,3.2728163473166955e-07,8.359721865177198e-07,0.068349105299495,5.471867541621284e-07,1.598135152868606e-07,4.7416413881541276e-07,0.15740136346071326
ExterQual,5.294574573411833e-06,1.026320575592946e-06,6.89873161714473e-07,1.9246327394502564e-07,3.416656680758209e-07,0.7740959579235379,3.411466109902481e-06,4.746965693034485e-06,8.315016038226365e-07,8.841851122798703e-07,0.25849490272342085,5.198210634261204e-07,0.0,8.64090289408558e-07,0.2724696839746341,2.476809393383842e-07,0.8384579879678922,6.734722149364915e-07,5.271419078213143e-07,0.029663124069767743,1.0596556814174348e-07,1.2386004752392305e-07,7.433604128866425e-07,1.1375412678828778,0.0013736908532529864,0.22547335969457324,0.42529739382982473,7.340737123695177e-07,6.114401325979778e-07,4.822613084011672e-07,6.096325077175408e-07,0.1293793957039174,4.6648884492815714e-07,0.17499276691452115,9.23393299556844e-07,5.247215126517316e-07,5.419656320330818e-07,4.732359293477377e-07,0.02564762768557766,7.826837913131009e-07,2.7631223252082374e-07,7.362939688024269e-07,1.9334367750462407e-07,7.878899269996059e-07,1.3731621603525438e-07,4.365594494437699e-07,0.10416186121885844
ExterCond,7.043830824759017e-07,2.802330306860343e-07,4.2998911553573015e-07,0.0025990215759066695,1.443304828202965e-07,7.104959140834327e-07,8.334434799139077e-07,3.0975036564668015e-07,5.632735046291744e-07,5.056318828737093e-07,4.870693200487344e-07,3.10372797331281e-07,8.64090289408558e-07,0.0,7.503949393341037e-07,4.0857856519170707e-07,6.18802521869874e-07,1.0616407039555214e-06,0.11037711840705994,5.343887428082268e-07,2.842242419481759e-07,3.7987843908808067e-07,2.2561912721389034e-07,0.12819654269842629,0.9450715987209681,0.2964554344638955,8.638666100147836e-07,1.9387551360818465e-07,3.675716455691853e-07,5.159595817320059e-07,4.282118894265521e-07,7.061545437214917e-07,5.672636567972705e-07,3.830397881056872e-07,3.415339628755081e-07,8.316376013960582e-08,4.392566069398135e-07,5.835760870407981e-06,1.4691579828586237e-07,8.303007829406624e-07,1.2188381500523003e-07,6.063600280906428e-07,8.274102564618728e-07,7.143850821466077e-07,6.000065085361763e-07,8.2255421989369e-07,3.5951429078568004e-07
Foundation,4.923493389979181e-07,5.267871542660942e-07,5.769056360955792e-07,3.4045541750641264e-07,4.5765958232102994e-07,1.7839239580593222,6.976447072304206e-07,2.8826138030556427e-07,7.19731594476504e-07,8.753127294298145e-07,8.54426486553506e-07,7.129894784761232e-07,0.27246968397463406,7.503949393341037e-07,0.0,7.179555812353539e-06,0.7827796002233904,0.04119561090288056,0.05414175105135521,8.703244662104823e-07,3.1498588312231017e-07,6.06015529582998e-08,0.05711852198159185,0.19754430577544096,0.22779965763660645,1.637755749252408,0.3529974238701905,3.705188875790997e-07,8.837312613240085e-07,3.867048314026681e-07,3.446144897918353e-07,0.11658333089935659,5.851148207234729e-07,0.03424105807515604,8.46963377230369e-07,8.840986202446232e-07,9.218936560857772e-07,4.5228478221807817e-07,0.03842965380626673,0.026403466380501367,3.5457664616858735e-07,7.915144011405887e-07,1.3207376296212778e-06,6.17255982088503e-07,1.2203894392630237e-07,1.3190239910516576e-07,8.397222433165979e-07
Heating,2.0559652657897278e-06,3.0955115111822024e-07,3.58362865686581e-07,2.5083482324194273e-07,2.966001657632591e-07,5.07843646931717e-07,1.8930483630827028e-07,3.725227679972521e-07,4.2489534805970673e-07,4.081297456157086e-07,6.504783833659286e-07,2.3840369971104905e-07,2.476809393383842e-07,4.08578565191707e-07,7.179555812353539e-06,0.0,1.2516037860793707,2.4619154236164276,4.824170725514315e-07,2.7093503052283997e-07,8.626273469758338e-07,5.674578151760773e-07,0.17024041756012628,5.627880850711e-07,6.414703446605354e-07,0.19093729225977,6.469455126081136e-07,1.722788266204696e-07,7.830930944543453e-07,5.319873139568386e-07,6.973702798823675e-07,4.3667924254674724e-07,3.0627447862210885e-07,6.597233053990686e-07,7.454833541688763e-07,4.935148404463731e-07,1.9572244495211456e-07,7.283432996709254e-07,0.04176435556656084,4.650656702264569e-07,2.0321100249977018e-07,3.7718838575156315e-07,1.989205075141822e-07,1.1279112708593224e-07,7.087872760071481e-07,2.57098112985563e-07,7.528926052204425e-07
HeatingQC,2.548827854247145e-07,3.318127966162832e-07,3.0758836261485635e-07,3.6592516637502684e-07,2.8701152645439295e-07,8.382175255836023e-07,3.151094161133682e-07,2.6303981160637226e-07,5.003000885977194e-07,4.501909907805275e-07,5.134139439120618e-07,4.419435498648369e-07,0.8384579879678922,6.18802521869874e-07,0.7827796002233904,1.2516037860793707,0.0,0.10752390691939526,5.472218146548456e-07,8.440340888961206e-07,1.8535944253360071e-07,5.222669609055486e-07,3.0716976253196316e-07,0.1370079640677348,9.08286404378784e-07,0.06588192969464365,0.6620632035533603,4.565597620591972e-07,5.227247402295521e-07,5.548912155009579e-07,4.977044833532155e-07,6.416176750603313e-07,4.02799361477843e-07,7.20302601852014e-07,9.525322331568971e-07,5.778800809287551e-07,5.470027120145805e-07,3.6428719126529264e-07,0.013463950627522774,4.4020291326856266e-07,5.194675354749741e-07,2.645527313329482e-07,3.483923491679093e-07,2.933798477924805e-07,2.614854274879398e-07,7.376822433659479e-07,8.935896243691832e-07
CentralAir,2.3363483787571576e-06,4.665811988099296e-07,6.822348319340875e-07,2.2144952695237797e-07,9.347870957820068e-08,6.878602848675332e-07,7.669818745321305e-07,2.0742944551684942e-07,5.484213426097899e-07,4.040119391071469e-07,2.568332166808298e-07,1.441142748267311e-07,6.734722149364915e-07,1.0616407039555214e-06,0.041195610902880556,2.4619154236164276,0.10752390691939527,0.0,0.7381748450584084,6.043783972235994e-07,2.4073546346338476e-07,5.37032528857567e-07,5.555255457294556e-07,0.1955787116783401,0.4545791459418653,0.8946540479238461,0.043362625253179084,7.509905432330056e-07,1.0662433586242106e-07,2.2369666761153988e-08,6.836140903540699e-07,4.919259169919702e-07,0.08878000018682196,4.750581558687606e-06,0.20736691729685772,2.47054358184826e-07,0.10202402483353847,8.0657686245515e-07,1.4699877116974543e-08,3.688725184836997e-07,3.7842249166942867e-07,5.464502310997253e-07,2.0376021468795225e-07,2.7645986251742818e-08,1.7392275557987333e-07,2.4297910756059575e-08,8.959571561878413e-07
PavedDrive,0.4828883273575524,7.320449831423616e-07,4.2794717229367826e-07,4.078789789904523e-07,1.6502820901970893e-07,0.2531256371787689,7.996011187259779e-07,2.2633853095391777e-07,2.627786453258756e-07,4.1069572107413686e-07,4.508479563112422e-07,5.454622015321054e-07,5.271419078213143e-07,0.11037711840705994,0.05414175105135521,4.824170725514315e-07,5.472218146548456e-07,0.7381748450584084,0.0,3.2331419789772287e-07,7.817896063677029e-07,1.6474470644614488e-07,7.589336467327104e-07,0.2503587893442368,9.89858911524388e-07,1.2748769019643842,3.885031154238258e-07,6.332759389961141e-07,1.0285151068913334e-07,2.2539741999711133e-07,5.69246990034824e-07,3.072337443676351e-07,6.943987645292509e-07,8.102414579041702e-07,9.4942067586714e-07,2.5310980346346556e-07,9.547551071371906e-07,5.885437885537906e-07,1.305443117339761e-07,0.0219353954276345,1.8535989021908053e-07,4.897968301917027e-07,3.8563963787006707e-07,1.6059351476160872e-07,5.808520500016195e-08,5.0675283530948914e-08,3.8382603588391184e-07
SaleCondition,7.366212294673551e-07,4.2144712765137507e-07,8.782854073552805e-07,3.176444697567164e-07,4.236770305431937e-07,0.13534287716008456,6.550208178190126e-07,4.6758273294678227e-07,5.121264274141235e-07,6.281496682031784e-07,6.298052124821288e-07,5.939184088016922e-07,0.029663124069767743,5.343887428082268e-07,8.703244662104823e-07,2.7093503052283997e-07,8.440340888961206e-07,6.043783972235994e-07,3.2331419789772287e-07,0.0,1.2341776471433853e-07,7.303749796776405e-07,1.434895568098853e-07,0.14112973144286722,0.2059863520353916,0.44173905427444693,0.5341229864736683,0.020498186050215098,5.575119266247805e-07,4.95764055742985e-07,2.6302223349271063e-07,6.365216325841577e-07,3.172506247608725e-07,0.01347729492182846,8.865103846026611e-07,0.015635660120735168,0.015120683676895069,0.05187561841557441,0.028537379760712123,5.350002940054366e-07,4.140777433490457e-07,4.825300719822549e-07,5.41996563237482e-07,1.3113952035377723e-07,0.05368848588665708,0.2580965311068874,0.10973668174008974
Id,5.306603400782191e-08,2.341347028935515e-07,5.859089501014272e-07,5.556025268135979e-07,2.1969247278921074e-07,4.4265408591757243e-07,2.730740366042854e-07,2.86363253352301e-07,1.6694837841799328e-07,2.937888688199601e-07,3.004102851195361e-07,5.151730020282138e-07,1.0596556814174348e-07,2.842242419481759e-07,3.1498588312231017e-07,8.626273469758338e-07,1.8535944253360071e-07,2.4073546346338476e-07,7.817896063677029e-07,1.2341776471433853e-07,0.0,1.3612314582868537e-07,0.00119896104396446,5.397528529105793e-07,2.0571703089977294e-07,6.528500071347746e-08,0.006514963550952496,7.963717895009504e-08,3.79837877992807e-07,0.0012285895958665748,4.715238696630218e-07,5.831187899196725e-08,1.6308985911818847e-07,2.218941966205077e-07,2.8240129919956974e-07,6.633408151940449e-07,7.912555561312e-07,5.368055853728843e-09,3.102311506478918e-07,5.073177005578988e-07,0.007805174150310399,6.571700387689397e-07,1.9811674000173865e-07,2.623494217477258e-07,6.902242244512895e-07,0.23140690198562566,1.0573645705842118e-07
MSSubClass,8.674700377536609e-08,5.827340292537697e-07,9.829441858322267e-08,4.5693628576865057e-07,3.8459987632662984e-08,0.5314061328498334,5.921507907386349e-07,4.357831542933026e-07,7.574974145807904,1.4102503413136227,0.043126621943401625,7.010588758291915e-08,1.2386004752392305e-07,3.7987843908808067e-07,6.06015529582998e-08,5.674578151760773e-07,5.222669609055486e-07,5.37032528857567e-07,1.6474470644614488e-07,7.303749796776405e-07,1.3612314582868537e-07,0.0,0.05953676955394225,4.7099754072616144e-07,5.459681215023041e-07,1.0098223755159172e-07,1.3100951127098345e-07,1.008894848475132e-06,6.378219902070801e-07,4.004020219342955e-07,9.355443833455976e-08,0.000424007711489166,1.9697984943423344e-07,7.310605177317703e-07,0.22266230894570357,4.450081201369804e-07,3.0901004236138754e-07,5.3926254453494264e-08,6.209446552407674e-07,2.4486209618277146e-07,6.631123880893335e-07,6.06920643094316e-07,1.5794799906958884e-07,4.029533101245845e-07,8.833784385818242e-08,4.2791696933212093e-07,0.014593876709940926
LotArea,0.23398964509863576,0.3483365256639158,0.3930580872278215,0.08837417474766987,0.8461716526691339,0.12319209076048562,6.488778887179773e-07,2.2990260070300103e-07,0.2906292302121642,2.7705285268970365e-07,5.46888805895982e-07,0.13088963440519813,7.433604128866425e-07,2.2561912721389034e-07,0.05711852198159185,0.17024041756012628,3.0716976253196316e-07,5.555255457294556e-07,7.589336467327104e-07,1.434895568098853e-07,0.00119896104396446,0.05953676955394225,0.0,0.045571290697433174,7.45034229621584e-07,0.031075829631164054,5.319757969574348e-07,0.13524387464903811,1.2066321627445333e-07,3.311910218555079e-07,0.025680251006894066,2.9219549620353863e-07,1.3967260971566647e-07,7.088645733912057e-07,3.789456313404042e-07,7.481562447018003e-07,0.10303547899055465,0.03449553466809708,9.070462631696384e-07,6.548648881135623e-07,1.678800646543195e-07,3.015051316488759e-07,0.019049602957395086,0.015254917785983873,2.2393609147210767e-07,5.493303994797252e-07,0.18377140872684952
OverallQual,5.199909163799569e-06,0.09714758484955503,0.14322532884212366,2.326005325366369e-07,5.103337794874931e-07,1.1516881059803363,8.554900490470098e-07,9.008781011956156e-07,7.235415826296908e-07,6.76129338755275e-07,0.17524965099268164,5.993189401380296e-07,1.1375412678828778,0.12819654269842629,0.19754430577544096,5.627880850711e-07,0.1370079640677348,0.1955787116783401,0.2503587893442368,0.14112973144286722,5.397528529105793e-07,4.7099754072616144e-07,0.045571290697433174,0.0,0.07278938808389622,0.3056458890656277,0.1570471132344509,0.1270494681623588,5.87911669941633e-07,6.485704747795632e-07,0.2359186449027075,0.13535286635710586,0.002361194705367197,0.07071313665452685,0.1514499950040893,0.08745137447788996,0.1757639552723582,0.02641504793664088,0.05015892666202463,7.138447728948674e-07,1.747366613137616e-07,1.6924832879985182e-07,3.3051568763484505e-07,2.159737887161562e-07,1.4241984599316119e-07,1.2237567794037077e-07,0.3353254796852589
OverallCond,3.514661030219145e-07,2.0819925799112347e-07,3.8495434903723024e-07,3.8869207358945856e-07,2.1077721680181338e-07,8.578093468902157e-07,2.66318631432559e-07,6.95584057540503e-07,6.362385372699069e-07,7.142435414183378e-07,2.514684139489985e-07,2.1626637468900446e-07,0.0013736908532529864,0.9450715987209681,0.22779965763660645,6.414703446605354e-07,9.08286404378784e-07,0.4545791459418653,9.89858911524388e-07,0.2059863520353916,2.0571703089977294e-07,5.459681215023041e-07,7.45034229621584e-07,0.07278938808389622,0.0,0.6091156393731801,0.4465408116877422,0.019008205477260415,2.394214799933192e-08,7.117419855867445e-07,7.046640099391357e-07,0.11024891939528549,9.154639186054888e-07,2.183283266869901e-07,0.0015828944978647996,8.524510737741285e-07,1.4061059256925036e-07,0.02043414066347598,5.886988861610594e-07,4.097508815746387e-06,0.002999999495602889,9.074660765101533e-07,3.983386289674497e-07,7.993927938718742e-07,7.628822282352874e-08,1.1701306439236133e-07,5.918820511761414e-07
YearBuilt,5.325839326794183e-07,0.28311100019744756,0.07463839064471225,6.212767610451103e-07,1.9735969354693504e-07,3.167474108953578,0.20556488088564337,8.129460241735616e-07,1.0307897698904154e-06,0.7125579521587718,5.626576231154305e-07,2.3368601355687222e-07,0.22547335969457324,0.2964554344638955,1.637755749252408,0.19093729225977,0.06588192969464365,0.8946540479238461,1.2748769019643842,0.44173905427444693,6.528500071347746e-08,1.0098223755159172e-07,0.031075829631164054,0.3056458890656277,0.6091156393731801,0.0,0.6267769676875353,2.7429563407171754e-07,0.08477992831938112,0.08757126979778475,0.0011530267160085733,0.29959093205006676,0.3007365455155766,0.0691883685588471,0.0062675881863274215,0.023853646512669767,6.527888692748194e-07,0.04747089138386767,3.4669282249075735e-07,0.353554556957189,2.6205687897366205e-07,0.023593358438723348,8.135081030021001e-08,3.280309588442911e-07,4.0725938810716744e-08,2.6030375324566827e-09,0.03910162918266704
YearRemodAdd,0.025072809016580162,7.837796403079486e-07,5.643978308771758e-07,3.32223059158876e-07,2.761956633487899e-07,0.11886020725426127,8.3000699978106e-07,2.465412865150483e-07,6.553080467450038e-07,8.760576716113468e-07,6.879259889007863e-07,6.037541756947134e-07,0.42529739382982473,8.638666100147836e-07,0.3529974238701905,6.469455126081136e-07,0.6620632035533603,0.043362625253179084,3.885031154238258e-07,0.5341229864736683,0.006514963550952496,1.3100951127098345e-07,5.319757969574348e-07,0.1570471132344509,0.4465408116877422,0.6267769676875353,0.0,2.714641123299546e-07,3.0669697272822047e-07,1.3734091516694638e-07,1.8479456871823402e-07,0.22598583271731823,8.074918255897575e-07,0.045093483834982906,0.01885171129431847,5.848532985795033e-07,0.02298693838217359,0.05418007517854077,0.056059863626918505,9.319231093998541e-07,6.710541451916211e-07,0.004260839604685413,5.291669047346756e-07,2.532982798758534e-07,1.477643290077833e-07,0.013860632543101358,9.286213631982169e-07
1stFlrSF,5.204566208259164e-07,6.953339119950814e-07,3.0301188931323573e-07,3.5799438857436613e-07,2.5233975330869825e-07,0.10553323115236964,4.175125294022311e-07,6.982202900144424e-07,6.319831584628224e-07,0.3038462041839075,0.28970967940677866,0.027680783426730124,7.340737123695177e-07,1.9387551360818465e-07,3.705188875790997e-07,1.722788266204696e-07,4.565597620591972e-07,7.509905432330056e-07,6.332759389961141e-07,0.020498186050215098,7.963717895009504e-08,1.008894848475132e-06,0.13524387464903811,0.1270494681623588,0.019008205477260415,2.7429563407171754e-07,2.714641123299546e-07,0.0,4.635142536724171,0.2657120284885231,5.581281051319727,9.15036508139856e-07,4.024517138231661e-07,4.895605491406763e-07,8.763480579497013e-07,8.135613275430442e-07,0.1492296911111409,0.026148091575429033,0.03905947062685609,2.1172091059239005e-07,6.719989925860342e-07,6.689164797243203e-07,0.013219544494404812,0.008498398281149571,4.080605220024365e-07,9.371979133101208e-08,0.10777433670735288
2ndFlrSF,3.6997999682160033e-07,3.2188284456600384e-07,1.9806424050334148e-07,8.662741636984279e-08,1.6871762440074786e-07,9.303666056206628e-07,3.4735393971703615e-07,1.2690323331980452e-07,3.7462953667932225e-07,2.492342288408404,6.076448550636429e-07,2.9841973128902027e-07,6.114401325979778e-07,3.675716455691853e-07,8.837312613240085e-07,7.830930944543453e-07,5.227247402295521e-07,1.0662433586242106e-07,1.0285151068913334e-07,5.575119266247805e-07,3.79837877992807e-07,6.378219902070801e-07,1.2066321627445333e-07,5.87911669941633e-07,2.394214799933192e-08,0.08477992831938112,3.0669697272822047e-07,4.635142536724171,0.0,0.30554637622688435,6.148665275666633,0.20129799625603148,0.5260591415033011,0.21055115351840467,7.438729065494752e-07,0.057843592414327315,2.878545390998482e-07,3.154500262746166e-07,5.126924822503478e-07,7.656767575827898e-07,4.302988734278506e-07,3.859023176220882e-08,1.890387687189552e-07,1.5538709536488818e-07,7.258909551456933e-08,3.5407859287407604e-07,6.778571621488379e-07
LowQualFinSF,1.311740867133576e-07,2.1031697880746795e-07,8.651457113956502e-07,3.2172143521499937e-07,4.896306600111546e-08,6.312118625318231e-07,2.6742514072647295e-07,0.0009810061166692474,1.7005709390580691e-07,0.3049572120177205,4.145938819491387e-07,7.047393738897789e-07,4.822613084011672e-07,5.159595817320059e-07,3.867048314026681e-07,5.319873139568386e-07,5.548912155009579e-07,2.2369666761153988e-08,2.2539741999711133e-07,4.95764055742985e-07,0.0012285895958665748,4.004020219342955e-07,3.311910218555079e-07,6.485704747795632e-07,7.117419855867445e-07,0.08757126979778475,1.3734091516694638e-07,0.2657120284885231,0.30554637622688435,0.0,0.427413035100328,1.5239495642247704e-07,8.390591659483137e-07,2.599550548897447e-07,7.589554011062299e-07,0.007517673312036522,5.283801454165807e-07,2.1633316086982018e-07,1.7352036219526298e-07,0.005170410796651733,1.0882435275286427e-07,5.8770671029776466e-08,6.600982544342169e-07,2.557976705652085e-07,2.967681679860182e-07,1.2983482723564476e-07,7.1137205097274e-07
GrLivArea,6.752221199678613e-07,7.351891009035328e-07,2.9870059936912224e-07,3.4578622740610603e-07,1.7255442365822308e-07,8.059750613887988e-07,4.498095547343918e-07,5.421123031034059e-07,2.883428569109577e-07,5.348808709390557e-07,3.789420069678455e-07,8.873813379866704e-07,6.096325077175408e-07,4.282118894265521e-07,3.446144897918353e-07,6.973702798823675e-07,4.977044833532155e-07,6.836140903540699e-07,5.69246990034824e-07,2.6302223349271063e-07,4.715238696630218e-07,9.355443833455976e-08,0.025680251006894066,0.2359186449027075,7.046640099391357e-07,0.0011530267160085733,1.8479456871823402e-07,5.581281051319727,6.148665275666633,0.427413035100328,0.0,0.48127417765472874,0.12635915144650695,2.8499201515212015e-07,3.804621708174941e-07,1.3498342743282028,0.24138053652237448,0.05121836619863283,0.18151308449458844,0.014500476192242059,1.5235907199929248e-07,6.390577546666407e-07,0.044872294205933735,6.490963994406326e-07,3.772216880314914e-07,2.1794994020252373e-07,0.2579326139758011
FullBath,6.521280574429181e-07,0.008248164172369604,0.013194931093571248,2.625815539749452e-07,4.946423484225387e-07,0.47546879643383677,8.518959903105613e-07,3.048518195959673e-07,6.171219035520366e-07,8.364924029180857e-07,8.315250859477376e-07,3.823800474745323e-07,0.1293793957039174,7.061545437214917e-07,0.11658333089935659,4.3667924254674724e-07,6.416176750603313e-07,4.919259169919702e-07,3.072337443676351e-07,6.365216325841577e-07,5.831187899196725e-08,0.000424007711489166,2.9219549620353863e-07,0.13535286635710586,0.11024891939528549,0.29959093205006676,0.22598583271731823,9.15036508139856e-07,0.20129799625603148,1.5239495642247704e-07,0.48127417765472874,0.0,0.2924023847535844,0.18736871648238662,0.15398168804373005,0.05741100252960467,3.684816794384905e-08,6.229129023621506e-07,0.026222672208669064,8.362074785373183e-08,4.1704459453424895e-07,6.998841627685098e-07,4.5193123113385997e-07,6.248806851600466e-07,6.361540697589203e-07,2.442294757748449e-07,0.04384873736106005
HalfBath,2.000886410845513e-07,9.758601753807673e-07,5.707145248422751e-07,3.9322370685609394e-07,1.119617297671922e-07,0.20980169792998915,2.2458135429079645e-07,5.84690416903946e-07,6.571870657055067e-07,0.6555489682205979,5.695962744561304e-07,6.763526829722062e-07,4.6648884492815714e-07,5.672636567972705e-07,5.851148207234729e-07,3.0627447862210885e-07,4.02799361477843e-07,0.08878000018682196,6.943987645292509e-07,3.172506247608725e-07,1.6308985911818847e-07,1.9697984943423344e-07,1.3967260971566647e-07,0.002361194705367197,9.154639186054888e-07,0.3007365455155766,8.074918255897575e-07,4.024517138231661e-07,0.5260591415033011,8.390591659483137e-07,0.12635915144650695,0.2924023847535844,0.0,3.922609670411031e-07,8.168139636148957e-07,8.207434404290324e-07,0.06851637542842952,7.578359084106911e-07,0.03859505994991887,6.164945587517924e-07,3.969714075345669e-07,6.13706700629467e-07,6.69345463183531e-07,6.375932649637199e-07,2.1153843175583892e-07,2.2115930318400117e-07,7.996378545640442e-07
BedroomAbvGr,5.373813330997568e-07,1.306454304035157e-07,8.492456665341184e-07,2.5432069882855165e-07,6.251843321613048e-07,0.1625039942293881,0.04166151172576135,8.673315347501715e-07,0.36207574519086705,0.016278606104341356,2.721686283195412e-07,4.773302173399129e-07,0.17499276691452115,3.830397881056872e-07,0.03424105807515604,6.597233053990686e-07,7.20302601852014e-07,4.750581558687606e-06,8.102414579041702e-07,0.01347729492182846,2.218941966205077e-07,7.310605177317703e-07,7.088645733912057e-07,0.07071313665452685,2.183283266869901e-07,0.0691883685588471,0.045093483834982906,4.895605491406763e-07,0.21055115351840467,2.599550548897447e-07,2.8499201515212015e-07,0.18736871648238662,3.922609670411031e-07,0.0,1.4495377685025805e-07,0.9460870794930429,0.05775749953889143,6.93465920155225e-07,6.592215607099068e-07,4.493635233659294e-07,0.0025452483353770854,1.7568276800235206e-07,4.330974370379559e-08,5.729434280938635e-07,0.004654129288730435,2.249905549773381e-07,7.064544026865335e-08
KitchenAbvGr,4.1175662393866736e-07,1.2202913771102902e-06,2.7838229022494355e-07,3.271477706668113e-07,4.1435543743306643e-07,9.08500072445207e-07,4.512614201555949e-06,7.903098627933344e-07,2.7967259264536506,0.1509496299350081,9.380497910664877e-08,4.591439648885804e-07,9.23393299556844e-07,3.415339628755081e-07,8.46963377230369e-07,7.454833541688763e-07,9.525322331568971e-07,0.20736691729685772,9.4942067586714e-07,8.865103846026611e-07,2.8240129919956974e-07,0.22266230894570357,3.789456313404042e-07,0.1514499950040893,0.0015828944978647996,0.0062675881863274215,0.01885171129431847,8.763480579497013e-07,7.438729065494752e-07,7.589554011062299e-07,3.804621708174941e-07,0.15398168804373005,8.168139636148957e-07,1.4495377685025805e-07,0.0,0.33794592221203823,0.05615322300992519,0.022161999517635245,0.03680998704105708,1.620834711130516e-07,2.8304659820890805e-07,9.46670686861591e-07,3.563105210564364e-07,5.075589849747934e-07,7.994369521114267e-07,1.0653442228845636e-05,0.08129426763763711
TotRmsAbvGrd,6.051532698406955e-07,4.701966759428312e-07,5.332082679873227e-07,2.4761536051860094e-07,5.863452671069195e-07,8.344270217708726e-07,5.32039171730004e-07,3.4865439841806805e-07,5.953678153941976e-07,9.764696542469174e-07,0.011848508076942427,4.265542502172877e-07,5.247215126517316e-07,8.316376013960582e-08,8.840986202446232e-07,4.935148404463731e-07,5.778800809287551e-07,2.47054358184826e-07,2.5310980346346556e-07,0.015635660120735168,6.633408151940449e-07,4.450081201369804e-07,7.481562447018003e-07,0.08745137447788996,8.524510737741285e-07,0.023853646512669767,5.848532985795033e-07,8.135613275430442e-07,0.057843592414327315,0.007517673312036522,1.3498342743282028,0.05741100252960467,8.207434404290324e-07,0.9460870794930429,0.33794592221203823,0.0,9.275486087252029e-07,5.361353157468308e-07,8.388516429675898e-07,5.043522738071497e-07,5.016223921451871e-07,2.1680831769870321e-07,6.155739211180436e-08,9.443584735458108e-07,3.253798011051613e-07,4.870352594930885e-07,0.19819523182860935
Fireplaces,3.39607677504737e-07,0.02859107076417546,5.081434938404964e-07,4.6832439733223725e-07,6.822499929243123e-07,0.5346108398007782,5.272948254873211e-07,1.0416013376280211e-06,5.693189041308015e-07,5.632313273395533e-07,1.0357565489316948e-06,0.07800908809662481,5.419656320330818e-07,4.392566069398135e-07,9.218936560857772e-07,1.9572244495211456e-07,5.470027120145805e-07,0.10202402483353847,9.547551071371906e-07,0.015120683676895069,7.912555561312e-07,3.0901004236138754e-07,0.10303547899055465,0.1757639552723582,1.4061059256925036e-07,6.527888692748194e-07,0.02298693838217359,0.1492296911111409,2.878545390998482e-07,5.283801454165807e-07,0.24138053652237448,3.684816794384905e-08,0.06851637542842952,0.05775749953889143,0.05615322300992519,9.275486087252029e-07,0.0,0.09519762242248281,4.306232059592963e-07,0.021006268105396287,3.38553621403293e-07,0.12844485694210847,0.010989521164440599,4.942921469215669e-07,5.546099312995426e-07,6.138252741696886e-09,0.025605628911384633
WoodDeckSF,9.049560248446779e-08,0.09110937012530397,8.062034899303813e-07,6.383316292744294e-07,8.553798387981385e-07,0.09351380157499672,5.266837618450652e-07,2.583956847148408e-07,2.8332703996444197e-07,5.890321950939479e-07,6.785249437961455e-07,0.050262865753979515,4.732359293477377e-07,5.835760870407981e-06,4.5228478221807817e-07,7.283432996709254e-07,3.6428719126529264e-07,8.0657686245515e-07,5.885437885537906e-07,0.05187561841557441,5.368055853728843e-09,5.3926254453494264e-08,0.03449553466809708,0.02641504793664088,0.02043414066347598,0.04747089138386767,0.05418007517854077,0.026148091575429033,3.154500262746166e-07,2.1633316086982018e-07,0.05121836619863283,6.229129023621506e-07,7.578359084106911e-07,6.93465920155225e-07,0.022161999517635245,5.361353157468308e-07,0.09519762242248281,0.0,0.014808068768568649,0.04214716642759763,2.780002719009059e-07,0.05055654265200128,0.043014508295018634,0.013624155399269946,3.847301217222499e-07,2.8986805001580253e-08,0.05680715103309601
OpenPorchSF,7.505375053529404e-08,3.988620530458256e-07,4.132336213114074e-07,7.44788749582546e-07,1.829064090323519e-07,0.15239525927693662,7.007129163398381e-07,7.461931768414256e-07,5.25056530102549e-07,8.173156512349775e-07,7.667338997840852e-07,6.266858760035042e-07,0.02564762768557766,1.4691579828586237e-07,0.03842965380626673,0.04176435556656084,0.013463950627522774,1.4699877116974543e-08,1.305443117339761e-07,0.028537379760712123,3.102311506478918e-07,6.209446552407674e-07,9.070462631696384e-07,0.05015892666202463,5.886988861610594e-07,3.4669282249075735e-07,0.056059863626918505,0.03905947062685609,5.126924822503478e-07,1.7352036219526298e-07,0.18151308449458844,0.026222672208669064,0.03859505994991887,6.592215607099068e-07,0.03680998704105708,8.388516429675898e-07,4.306232059592963e-07,0.014808068768568649,0.0,5.085079997185471e-07,3.187956920711634e-07,8.116789424803431e-07,0.004281468118410314,0.03458066069081082,6.305253011212358e-07,7.101733595414372e-07,9.290057902580515e-07
EnclosedPorch,5.827356848425875e-07,3.3562578280074545e-07,1.938066045297889e-07,6.559363648189245e-07,4.126194935905707e-07,9.008344358073255e-07,6.465317203302667e-07,4.7477770931092083e-07,5.763808098156552e-07,6.226078815888511e-07,5.43335927275691e-07,2.977867142495845e-07,7.826837913131009e-07,8.303007829406624e-07,0.026403466380501367,4.650656702264569e-07,4.4020291326856266e-07,3.688725184836997e-07,0.0219353954276345,5.350002940054366e-07,5.073177005578988e-07,2.4486209618277146e-07,6.548648881135623e-07,7.138447728948674e-07,4.097508815746387e-06,0.353554556957189,9.319231093998541e-07,2.1172091059239005e-07,7.656767575827898e-07,0.005170410796651733,0.014500476192242059,8.362074785373183e-08,6.164945587517924e-07,4.493635233659294e-07,1.620834711130516e-07,5.043522738071497e-07,0.021006268105396287,0.04214716642759763,5.085079997185471e-07,0.0,8.416386653604853e-07,0.047589808175620994,0.06369724448595812,2.683388035579488e-07,4.3276264479815113e-07,2.541607821376317e-08,2.7690556212643555e-07
3SsnPorch,1.2200274084187088e-07,3.2927116532330954e-07,7.480887121469593e-07,2.876068181505283e-07,1.1894854815929433e-07,5.165563872356203e-07,5.262707694150907e-07,2.516608932714516e-07,1.3494695162923744e-07,5.486900381088586e-07,6.85676367371809e-07,3.2728163473166955e-07,2.7631223252082374e-07,1.2188381500523003e-07,3.5457664616858735e-07,2.0321100249977018e-07,5.194675354749741e-07,3.7842249166942867e-07,1.8535989021908053e-07,4.140777433490457e-07,0.007805174150310399,6.631123880893335e-07,1.678800646543195e-07,1.747366613137616e-07,0.002999999495602889,2.6205687897366205e-07,6.710541451916211e-07,6.719989925860342e-07,4.302988734278506e-07,1.0882435275286427e-07,1.5235907199929248e-07,4.1704459453424895e-07,3.969714075345669e-07,0.0025452483353770854,2.8304659820890805e-07,5.016223921451871e-07,3.38553621403293e-07,2.780002719009059e-07,3.187956920711634e-07,8.416386653604853e-07,0.0,8.9583030775989e-07,1.539499441142844e-07,2.9657402787192278e-08,7.831634183906288e-07,5.103375130452379e-07,6.877248229775167e-07
ScreenPorch,1.5599062292093116e-07,6.385387437522314e-07,4.541064478883953e-07,3.238017237418159e-07,0.02076673992178357,9.312972889723904e-07,4.947865406332467e-07,4.335790655415676e-07,3.4069439400818437e-07,4.075387478476876e-07,0.07345701487748646,8.359721865177198e-07,7.362939688024269e-07,6.063600280906428e-07,7.915144011405887e-07,3.7718838575156315e-07,2.645527313329482e-07,5.464502310997253e-07,4.897968301917027e-07,4.825300719822549e-07,6.571700387689397e-07,6.06920643094316e-07,3.015051316488759e-07,1.6924832879985182e-07,9.074660765101533e-07,0.023593358438723348,0.004260839604685413,6.689164797243203e-07,3.859023176220882e-08,5.8770671029776466e-08,6.390577546666407e-07,6.998841627685098e-07,6.13706700629467e-07,1.7568276800235206e-07,9.46670686861591e-07,2.1680831769870321e-07,0.12844485694210847,0.05055654265200128,8.116789424803431e-07,0.047589808175620994,8.9583030775989e-07,0.0,6.260227395368536e-07,1.35899325923583e-07,6.886577246855019e-07,7.947066190050799e-08,0.009355611736663019
PoolArea,1.2628337891041522e-07,2.1970857092571466e-07,4.550901493078177e-07,4.714594129177206e-07,4.1496204091203795e-07,5.265603294226441e-07,8.772133726232953e-07,3.004217112821647e-07,8.591881412076254e-08,6.532404210518995e-07,1.3543136589298622e-07,0.068349105299495,1.9334367750462407e-07,8.274102564618728e-07,1.3207376296212778e-06,1.989205075141822e-07,3.483923491679093e-07,2.0376021468795225e-07,3.8563963787006707e-07,5.41996563237482e-07,1.9811674000173865e-07,1.5794799906958884e-07,0.019049602957395086,3.3051568763484505e-07,3.983386289674497e-07,8.135081030021001e-08,5.291669047346756e-07,0.013219544494404812,1.890387687189552e-07,6.600982544342169e-07,0.044872294205933735,4.5193123113385997e-07,6.69345463183531e-07,4.330974370379559e-08,3.563105210564364e-07,6.155739211180436e-08,0.010989521164440599,0.043014508295018634,0.004281468118410314,0.06369724448595812,1.539499441142844e-07,6.260227395368536e-07,0.0,1.2116553611436107e-07,0.012550642764510334,0.017099701418098058,6.635600481813039e-07
MiscVal,8.108011065323101e-08,7.159834206493069e-07,3.5983518453119514e-07,3.201573216534971e-07,1.9596992205012144e-07,5.980589035337432e-07,2.146104893433938e-07,0.16258779962187767,2.1855518354958586e-07,3.093954043361338e-07,0.02258395865452283,5.471867541621284e-07,7.878899269996059e-07,7.143850821466077e-07,6.17255982088503e-07,1.1279112708593224e-07,2.933798477924805e-07,2.7645986251742818e-08,1.6059351476160872e-07,1.3113952035377723e-07,2.623494217477258e-07,4.029533101245845e-07,0.015254917785983873,2.159737887161562e-07,7.993927938718742e-07,3.280309588442911e-07,2.532982798758534e-07,0.008498398281149571,1.5538709536488818e-07,2.557976705652085e-07,6.490963994406326e-07,6.248806851600466e-07,6.375932649637199e-07,5.729434280938635e-07,5.075589849747934e-07,9.443584735458108e-07,4.942921469215669e-07,0.013624155399269946,0.03458066069081082,2.683388035579488e-07,2.9657402787192278e-08,1.35899325923583e-07,1.2116553611436107e-07,0.0,1.8589991953047986e-07,3.0085153031409246e-07,7.821747295790793e-07
MoSold,3.0653341412218183e-07,1.9005352947120504e-07,2.405508436235073e-07,2.9067259449125945e-07,4.99377829553625e-07,5.962888129383234e-07,3.542662507813398e-07,4.504074709219347e-07,4.223976004791131e-07,1.8813394929660903e-07,8.122694785198841e-07,1.598135152868606e-07,1.3731621603525438e-07,6.000065085361763e-07,1.2203894392630237e-07,7.087872760071481e-07,2.614854274879398e-07,1.7392275557987333e-07,5.808520500016195e-08,0.05368848588665708,6.902242244512895e-07,8.833784385818242e-08,2.2393609147210767e-07,1.4241984599316119e-07,7.628822282352874e-08,4.0725938810716744e-08,1.477643290077833e-07,4.080605220024365e-07,7.258909551456933e-08,2.967681679860182e-07,3.772216880314914e-07,6.361540697589203e-07,2.1153843175583892e-07,0.004654129288730435,7.994369521114267e-07,3.253798011051613e-07,5.546099312995426e-07,3.847301217222499e-07,6.305253011212358e-07,4.3276264479815113e-07,7.831634183906288e-07,6.886577246855019e-07,0.012550642764510334,1.8589991953047986e-07,0.0,0.11612403382451496,0.015886332528115745
YrSold,3.1643563570439174e-07,5.713105357742367e-07,3.038666947688681e-07,1.598281974578475e-07,2.764063771015328e-07,4.949386260673806e-07,4.530735937485944e-07,1.144212757355793e-07,1.6185969700299909e-07,3.460439028761492e-07,1.3872169628149483e-07,4.7416413881541276e-07,4.365594494437699e-07,8.2255421989369e-07,1.3190239910516576e-07,2.57098112985563e-07,7.376822433659479e-07,2.4297910756059575e-08,5.0675283530948914e-08,0.2580965311068874,0.23140690198562566,4.2791696933212093e-07,5.493303994797252e-07,1.2237567794037077e-07,1.1701306439236133e-07,2.6030375324566827e-09,0.013860632543101358,9.371979133101208e-08,3.5407859287407604e-07,1.2983482723564476e-07,2.1794994020252373e-07,2.442294757748449e-07,2.2115930318400117e-07,2.249905549773381e-07,1.0653442228845636e-05,4.870352594930885e-07,6.138252741696886e-09,2.8986805001580253e-08,7.101733595414372e-07,2.541607821376317e-08,5.103375130452379e-07,7.947066190050799e-08,0.017099701418098058,3.0085153031409246e-07,0.11612403382451496,0.0,4.533549174472554e-07
SalePrice,5.615705066214373e-07,8.343729537571628e-07,7.504120813365361e-07,6.369718450850479e-07,2.947337646485207e-07,0.07484355887675855,8.620078386825351e-07,5.79742493027627e-07,3.2137483627682455e-07,3.3184660424055673e-07,0.007825285769023875,0.15740136346071326,0.10416186121885844,3.5951429078568004e-07,8.397222433165979e-07,7.528926052204425e-07,8.935896243691832e-07,8.959571561878413e-07,3.8382603588391184e-07,0.10973668174008974,1.0573645705842118e-07,0.014593876709940926,0.18377140872684952,0.3353254796852589,5.918820511761414e-07,0.03910162918266704,9.286213631982169e-07,0.10777433670735288,6.778571621488379e-07,7.1137205097274e-07,0.2579326139758011,0.04384873736106005,7.996378545640442e-07,7.064544026865335e-08,0.08129426763763711,0.19819523182860935,0.025605628911384633,0.05680715103309601,9.290057902580515e-07,2.7690556212643555e-07,6.877248229775167e-07,0.009355611736663019,6.635600481813039e-07,7.821747295790793e-07,0.015886332528115745,4.533549174472554e-07,0.0
